<?xml version="1.0" encoding="utf-8"?>
<System>
  <P Name="Location">[1913, -7, 2951, 1247]</P>
  <P Name="SystemRect">[0.000000, 0.000000, 0.000000, 0.000000]</P>
  <P Name="Open">on</P>
  <P Name="SetExecutionDomain">off</P>
  <P Name="ExecutionDomainType">Deduce</P>
  <P Name="ReportName">simulink-default.rpt</P>
  <P Name="SIDHighWatermark">28</P>
  <P Name="SimulinkSubDomain">Simulink</P>
  <Block BlockType="Reference" Name="Predictive Active Steering Controller" SID="2">
    <P Name="Ports">[2, 1]</P>
    <P Name="Position">[335, 330, 515, 510]</P>
    <P Name="ZOrder">1</P>
    <P Name="LibraryVersion">3.123</P>
    <P Name="SCDEnableBlockLinearizationSpecification">on</P>
    <List ListType="SCDBlockLinearizationSpecification">
      <P Name="Specification">mpcblocklinearization</P>
      <P Name="Type">Function</P>
      <P Name="ParameterNames"/>
      <P Name="ParameterValues"/>
    </List>
    <P Name="SourceBlock">mpclib/MPC Controller</P>
    <P Name="SourceType">MPC</P>
    <P Name="SourceProductBaseCode">MP</P>
    <InstanceData>
      <P Name="RTWMemSecFuncInitTerm">Inherit from model</P>
      <P Name="RTWMemSecFuncExecute">Inherit from model</P>
      <P Name="RTWMemSecDataConstants">Inherit from model</P>
      <P Name="RTWMemSecDataInternal">Inherit from model</P>
      <P Name="RTWMemSecDataParameters">Inherit from model</P>
      <P Name="ContentPreviewEnabled">on</P>
      <P Name="is_multiple">0</P>
      <P Name="enable_value">0</P>
      <P Name="return_u0">off</P>
      <P Name="updateMPCinCallerWorkspace">on</P>
      <P Name="md_inport">off</P>
      <P Name="mv_inport">off</P>
      <P Name="uref_inport">off</P>
      <P Name="return_cost">off</P>
      <P Name="return_mvseq">off</P>
      <P Name="return_qpstatus">off</P>
      <P Name="return_xseq">off</P>
      <P Name="return_state">off</P>
      <P Name="return_ovseq">off</P>
      <P Name="state_inport">off</P>
      <P Name="umin_inport">off</P>
      <P Name="umax_inport">off</P>
      <P Name="ymin_inport">off</P>
      <P Name="ymax_inport">off</P>
      <P Name="cc_inport">off</P>
      <P Name="ywt_inport">off</P>
      <P Name="uwt_inport">off</P>
      <P Name="duwt_inport">off</P>
      <P Name="rhoeps_inport">off</P>
      <P Name="pm_inport">off</P>
      <P Name="MaximumP">10</P>
      <P Name="HorizonChoice">FixedHorizon</P>
      <P Name="n_ts">0.05</P>
      <P Name="n_p">7</P>
      <P Name="n_mv">1</P>
      <P Name="n_md">1</P>
      <P Name="n_ud">0</P>
      <P Name="n_mo">2</P>
      <P Name="n_uo">0</P>
      <P Name="BlockDataType">double</P>
      <P Name="SampleTimeInherited">off</P>
      <P Name="switch_inport">off</P>
    </InstanceData>
  </Block>
  <Block BlockType="FromFile" Name="References" SID="22">
    <P Name="Position">[10, 428, 200, 502]</P>
    <P Name="ZOrder">26159</P>
    <P Name="BackgroundColor">green</P>
    <P Name="FileName">Reference.mat</P>
    <P Name="SampleTime">0</P>
    <Mask>
      <Display>image(&apos;road_PNG48.png&apos;); % Use &quot;Edit Image&quot; on toolstrip to change.</Display>
    </Mask>
  </Block>
  <Block BlockType="Scope" Name="Scope" SID="28">
    <P Name="Ports">[1]</P>
    <P Name="Position">[1010, 469, 1040, 501]</P>
    <P Name="ZOrder">26162</P>
    <P Name="ScopeSpecificationString">Simulink.scopes.TimeScopeBlockCfg(&apos;CurrentConfiguration&apos;, extmgr.ConfigurationSet(extmgr.Configuration(&apos;Core&apos;,&apos;General UI&apos;,true),extmgr.Configuration(&apos;Core&apos;,&apos;Source UI&apos;,true),extmgr.Configuration(&apos;Sources&apos;,&apos;WiredSimulink&apos;,true),extmgr.Configuration(&apos;Visuals&apos;,&apos;Time Domain&apos;,true),extmgr.Configuration(&apos;Tools&apos;,&apos;Plot Navigation&apos;,true),extmgr.Configuration(&apos;Tools&apos;,&apos;Measurements&apos;,true)),&apos;Version&apos;,&apos;2021b&apos;)</P>
    <P Name="NumInputPorts">1</P>
    <P Name="Floating">off</P>
  </Block>
  <Block BlockType="StateSpace" Name="State-Space" SID="27">
    <P Name="Ports">[1, 1]</P>
    <P Name="Position">[700, 383, 840, 457]</P>
    <P Name="ZOrder">26161</P>
    <P Name="InitialCondition">0</P>
  </Block>
  <Line>
    <P Name="ZOrder">12</P>
    <P Name="Src">2#out:1</P>
    <P Name="Dst">27#in:1</P>
  </Line>
  <Line>
    <P Name="ZOrder">8</P>
    <P Name="Src">22#out:1</P>
    <P Name="Dst">2#in:2</P>
  </Line>
  <Line>
    <P Name="ZOrder">16</P>
    <P Name="Src">27#out:1</P>
    <P Name="Points">[93, 0; 0, -62]</P>
  </Line>
  <Annotation SID="25">
    <P Name="Name">Yaw Angle</P>
    <P Name="Position">[865, 450, 913, 464]</P>
    <P Name="InternalMargins">[0, 0, 0, 0]</P>
  </Annotation>
  <Annotation SID="24">
    <P Name="Name">Lateral Position</P>
    <P Name="Position">[854, 434, 924, 448]</P>
    <P Name="InternalMargins">[0, 0, 0, 0]</P>
  </Annotation>
</System>
