<?xml version="1.0" encoding="UTF-8" standalone="yes" ?>
<cp:coreProperties xmlns:cp="http://schemas.openxmlformats.org/package/2006/metadata/core-properties" xmlns:dc="http://purl.org/dc/elements/1.1/" xmlns:dcmitype="http://purl.org/dc/dcmitype/" xmlns:dcterms="http://purl.org/dc/terms/" xmlns:xsi="http://www.w3.org/2001/XMLSchema-instance">
  <cp:category>model</cp:category>
  <dcterms:created xsi:type="dcterms:W3CDTF">2021-11-20T22:53:58Z</dcterms:created>
  <dc:creator>gaura</dc:creator>
  <cp:lastModifiedBy>gaura</cp:lastModifiedBy>
  <dcterms:modified xsi:type="dcterms:W3CDTF">2021-11-21T20:54:52Z</dcterms:modified>
  <cp:revision>1.4</cp:revision>
  <cp:version>R2021b</cp:version>
</cp:coreProperties>
