<?xml version="1.0" encoding="utf-8"?>
<BlockDiagramDefaults>
  <MaskDefaults SelfModifiable="off">
    <Display IconFrame="on" IconOpaque="opaque" RunInitForIconRedraw="analyze" IconRotate="none" PortRotate="default" IconUnits="autoscale"/>
    <MaskParameter Evaluate="on" Tunable="on" NeverSave="off" Internal="off" ReadOnly="off" Enabled="on" Visible="on" ToolTip="on"/>
    <DialogControl>
      <ControlOptions Visible="on" Enabled="on" Row="new" HorizontalStretch="on" PromptLocation="top" Orientation="horizontal" Scale="linear" TextType="Plain Text" Expand="off" ShowFilter="on" ShowParameterName="on" WordWrap="on" AlignPrompts="off"/>
    </DialogControl>
  </MaskDefaults>
  <BlockParameterDefaults>
    <Block BlockType="FromFile">
      <P Name="FileName">untitled.mat</P>
      <P Name="OutDataTypeStr">Inherit: auto</P>
      <P Name="SampleTime">-1</P>
      <P Name="ExtrapolationBeforeFirstDataPoint">Linear extrapolation</P>
      <P Name="InterpolationWithinTimeRange">Linear interpolation</P>
      <P Name="ExtrapolationAfterLastDataPoint">Linear extrapolation</P>
      <P Name="ZeroCross">off</P>
    </Block>
    <Block BlockType="Scope">
      <P Name="DefaultConfigurationName">Simulink.scopes.TimeScopeBlockCfg</P>
    </Block>
    <Block BlockType="StateSpace">
      <P Name="A">1</P>
      <P Name="B">1</P>
      <P Name="C">1</P>
      <P Name="D">1</P>
      <P Name="InitialCondition">0.0</P>
      <P Name="ParameterTunability">Auto</P>
      <P Name="AllowTunableDMatrix">off</P>
      <P Name="AbsoluteTolerance">auto</P>
      <P Name="ContinuousStateAttributes">&apos;&apos;</P>
      <P Name="Realization">auto</P>
    </Block>
  </BlockParameterDefaults>
</BlockDiagramDefaults>
