<?xml version="1.0" encoding="UTF-8"?>
<sltp_editor version="1.1" packageUris="http://schema.mathworks.com/mf0/DiagramEditor/R2019a_20181107 http://schema.mathworks.com/mf0/SltpSyntax/R2021b_202101212121">
  <diagram.editor.model.Diagram type="diagram.editor.model.Diagram" uuid="826e5a15-3543-4275-a733-33a7a7f88957">
    <syntaxElement type="sltp.mm.syntax.Graph" uuid="00e9a1c7-bb00-4997-8ca4-8bcf7814e3a7"/>
    <title>Default</title>
    <type>graph.Graph</type>
  </diagram.editor.model.Diagram>
  <sltp.mm.syntax.Context type="sltp.mm.syntax.Context" uuid="3d8eb7ab-0f77-408a-8048-b4401641b6a3">
    <rootGraph type="sltp.mm.syntax.Graph" uuid="00e9a1c7-bb00-4997-8ca4-8bcf7814e3a7">
      <priorityDirection>HighNumberFirst</priorityDirection>
      <title>Default</title>
      <diagramElement type="diagram.editor.model.Diagram" uuid="826e5a15-3543-4275-a733-33a7a7f88957"/>
    </rootGraph>
  </sltp.mm.syntax.Context>
</sltp_editor>