<?xml version="1.0" encoding="UTF-8"?>
<sltp_graph version="1.1" packageUris="http://schema.mathworks.com/mf0/sltp_mm/R2021b_202106150630">
  <sltp.mm.core.Context type="sltp.mm.core.Context" uuid="aef7e71b-6372-4b27-a03c-23d5c5d89d35">
    <editorState type="sltp.mm.core.EditorState" uuid="a3c4ec6a-7855-463f-baf4-fe367fe33e4d">
      <panelState type="sltp.mm.core.EditorPanelState" uuid="edf6590e-e711-4558-8d24-67e4e3cfa886"/>
    </editorState>
    <rootTask type="sltp.mm.core.Task" uuid="dd8b33f4-4e56-4a9b-9676-e0b55d4fb45b">
      <context type="sltp.mm.core.Context" uuid="aef7e71b-6372-4b27-a03c-23d5c5d89d35"/>
      <explicit>false</explicit>
      <name>Default</name>
      <priority>-2147483648</priority>
      <subgraph type="sltp.mm.core.Graph" uuid="6b1f8403-18b6-4fe5-b096-5a6dcd6e3905"/>
    </rootTask>
  </sltp.mm.core.Context>
</sltp_graph>